Variable,Muertes,Sobrevivientes
Año : 2014-Mes : Marzo-Causa : Violencia-Origen : Ecuador,64,0
Año : 2014-Mes : Marzo-Causa : Accidente de tránsito / transporte peligroso-Origen : Guatemala,56,95
Año : 2014-Mes : Marzo-Causa : Muerte accidental -Origen : El Salvador,44,0
Año : 2014-Mes : Agosto-Causa : Mixta o desconocida-Origen : El Salvador,41,0
Año : 2014-Mes : Octubre-Causa : Mixta o desconocida-Origen : Guatemala,28,0
Año : 2015-Mes : Enero-Causa : Violencia-Origen : Honduras,24,33
Año : 2015-Mes : Enero-Causa : Violencia-Origen : Honduras,15,28
Año : 2022-Mes : Agosto-Causa : Muerte accidental -Origen : Guatemala,14,0
Año : 2015-Mes : Marzo-Causa : Ahogamiento-Origen : Honduras,9,0
Año : 2015-Mes : Marzo-Causa : Mixta o desconocida-Origen : Ecuador,9,6
Año : 2015-Mes : Marzo-Causa : Mixta o desconocida-Origen : Guatemala,8,10
"Año : 2015-Mes : Marzo-Causa : Accidente de tránsito / transporte peligroso-Origen : Honduras,Desconocido",7,0
Año : 2015-Mes : Marzo-Causa : Mixta o desconocida-Origen : Republica Dominicana,6,269
Año : 2015-Mes : Mayo-Causa : Mixta o desconocida-Origen : El Salvador,6,60
Año : 2015-Mes : Junio-Causa : Accidente de tránsito / transporte peligroso-Origen : Honduras,6,26
Año : 2015-Mes : Junio-Causa : Accidente de tránsito / transporte peligroso-Origen : Honduras,6,0
Año : 2015-Mes : Junio-Causa : Ahogamiento-Origen : Guatemala,6,0
Año : 2018-Mes : Mayo-Causa : Violencia-Origen : Guatemala,5,0
Año : 2019-Mes : Enero-Causa : Accidente de tránsito / transporte peligroso-Origen : El Salvador,5,11
"Año : 2015-Mes : Julio-Causa : Accidente de tránsito / transporte peligroso-Origen : Guatemala,Honduras",5,4
Año : 2015-Mes : Agosto-Causa : Violencia-Origen : Honduras,5,0
Año : 2015-Mes : Agosto-Causa : Violencia-Origen : Ecuador,5,0
Año : 2015-Mes : Agosto-Causa : Violencia-Origen : Nicaragua,5,4
Año : 2015-Mes : Agosto-Causa : Violencia-Origen : Honduras,5,0
Año : 2015-Mes : Agosto-Causa : Ahogamiento-Origen : Honduras,4,8
"Año : 2015-Mes : Septiembre-Causa : Accidente de tránsito / transporte peligroso-Origen : Guatemala,Honduras",4,7
Año : 2015-Mes : Septiembre-Causa : Mixta o desconocida-Origen : Ecuador,3,0
Año : 2015-Mes : Octubre-Causa : Accidente de tránsito / transporte peligroso-Origen : Ecuador,3,0
Año : 2015-Mes : Octubre-Causa : Ahogamiento-Origen : El Salvador,3,0
Año : 2015-Mes : Octubre-Causa : Ahogamiento-Origen : El Salvador,3,0
Año : 2015-Mes : Octubre-Causa : Ahogamiento-Origen : El Salvador,3,15
Año : 2015-Mes : Octubre-Causa : Enfermedad / falta de acceso a una atención médica-Origen : Guatemala,3,11
Año : 2015-Mes : Octubre-Causa : Accidente de tránsito / transporte peligroso-Origen : Honduras,3,8
Año : 2015-Mes : Noviembre-Causa : Accidente de tránsito / transporte peligroso-Origen : Honduras,3,0
Año : 2015-Mes : Noviembre-Causa : Mixta o desconocida-Origen : Honduras,3,7
Año : 2015-Mes : Noviembre-Causa : Accidente de tránsito / transporte peligroso-Origen : El Salvador,3,5
Año : 2015-Mes : Noviembre-Causa : Ahogamiento-Origen : Guatemala,3,5
Año : 2015-Mes : Diciembre-Causa : Ahogamiento-Origen : Guatemala,3,3
Año : 2015-Mes : Diciembre-Causa : Ahogamiento-Origen : Honduras,3,0
Año : 2015-Mes : Diciembre-Causa : Mixta o desconocida-Origen : El Salvador,3,0
Año : 2016-Mes : Enero-Causa : Mixta o desconocida-Origen : Honduras,3,0
Año : 2016-Mes : Enero-Causa : Accidente de tránsito / transporte peligroso-Origen : Honduras,3,0
Año : 2016-Mes : Enero-Causa : Accidente de tránsito / transporte peligroso-Origen : Honduras,2,0
"Año : 2016-Mes : Enero-Causa : Accidente de tránsito / transporte peligroso-Origen : El Salvador,Honduras",2,0
Año : 2016-Mes : Enero-Causa : Violencia-Origen : Honduras,2,0
Año : 2016-Mes : Febrero-Causa : Accidente de tránsito / transporte peligroso-Origen : Honduras,2,63
Año : 2016-Mes : Febrero-Causa : Accidente de tránsito / transporte peligroso-Origen : Honduras,2,0
Año : 2016-Mes : Febrero-Causa : Ahogamiento-Origen : El Salvador,2,24
Año : 2016-Mes : Marzo-Causa : Accidente de tránsito / transporte peligroso-Origen : Honduras,2,24
Año : 2016-Mes : Marzo-Causa : Accidente de tránsito / transporte peligroso-Origen : Honduras,2,0
Año : 2021-Mes : Junio-Causa : Accidente de tránsito / transporte peligroso-Origen : Nicaragua,2,0
Año : 2016-Mes : Marzo-Causa : Mixta o desconocida-Origen : El Salvador,2,0
Año : 2016-Mes : Abril-Causa : Enfermedad / falta de acceso a una atención médica-Origen : El Salvador,2,0
Año : 2016-Mes : Abril-Causa : Ahogamiento-Origen : Guatemala,2,9
Año : 2016-Mes : Abril-Causa : Accidente de tránsito / transporte peligroso-Origen : Honduras,2,0
Año : 2016-Mes : Abril-Causa : Violencia-Origen : Guatemala,2,0
Año : 2016-Mes : Abril-Causa : Accidente de tránsito / transporte peligroso-Origen : Honduras,2,8
Año : 2016-Mes : Mayo-Causa : Mixta o desconocida-Origen : El Salvador,2,0
Año : 2016-Mes : Mayo-Causa : Accidente de tránsito / transporte peligroso-Origen : El Salvador,2,7
Año : 2016-Mes : Mayo-Causa : Violencia-Origen : El Salvador,2,7
"Año : 2021-Mes : Diciembre-Causa : Accidente de tránsito / transporte peligroso-Origen : Republica Dominicana,Ecuador,Guatemala,Desconocido",2,0
Año : 2016-Mes : Mayo-Causa : Accidente de tránsito / transporte peligroso-Origen : Honduras,2,6
Año : 2022-Mes : Marzo-Causa : Enfermedad / falta de acceso a una atención médica-Origen : Nicaragua,2,5
Año : 2016-Mes : Mayo-Causa : Violencia-Origen : Honduras,2,5
"Año : 2016-Mes : Junio-Causa : Condiciones ambientales / falta de vivienda, alimentos, agua adecuados-Origen : Honduras",2,0
Año : 2016-Mes : Junio-Causa : Mixta o desconocida-Origen : Honduras,2,3
Año : 2016-Mes : Junio-Causa : Ahogamiento-Origen : El Salvador,2,0
Año : 2016-Mes : Julio-Causa : Ahogamiento-Origen : Honduras,2,0
Año : 2016-Mes : Julio-Causa : Ahogamiento-Origen : Honduras,2,0
"Año : 2016-Mes : Julio-Causa : Mixta o desconocida-Origen : Brasil,Ecuador,Nicaragua,Desconocido",2,0
Año : 2016-Mes : Julio-Causa : Ahogamiento-Origen : Honduras,2,0
Año : 2016-Mes : Agosto-Causa : Mixta o desconocida-Origen : Honduras,2,0
Año : 2016-Mes : Agosto-Causa : Mixta o desconocida-Origen : Honduras,2,1
"Año : 2016-Mes : Agosto-Causa : Condiciones ambientales / falta de vivienda, alimentos, agua adecuados-Origen : Republica Dominicana",2,1
Año : 2016-Mes : Agosto-Causa : Ahogamiento-Origen : Guatemala,2,0
Año : 2016-Mes : Agosto-Causa : Accidente de tránsito / transporte peligroso-Origen : Honduras,2,0
"Año : 2016-Mes : Agosto-Causa : Condiciones ambientales / falta de vivienda, alimentos, agua adecuados-Origen : El Salvador",2,0
Año : 2016-Mes : Agosto-Causa : Accidente de tránsito / transporte peligroso-Origen : Honduras,2,0
Año : 2016-Mes : Agosto-Causa : Ahogamiento-Origen : Guatemala,2,0
"Año : 2016-Mes : Octubre-Causa : Condiciones ambientales / falta de vivienda, alimentos, agua adecuados-Origen : Ecuador,Guatemala",2,1
Año : 2016-Mes : Septiembre-Causa : Accidente de tránsito / transporte peligroso-Origen : Honduras,2,1
Año : 2016-Mes : Septiembre-Causa : Enfermedad / falta de acceso a una atención médica-Origen : Honduras,1,0
Año : 2016-Mes : Septiembre-Causa : Accidente de tránsito / transporte peligroso-Origen : Honduras,1,0
Año : 2016-Mes : Diciembre-Causa : Accidente de tránsito / transporte peligroso-Origen : Haiti,1,0
Año : 2016-Mes : Octubre-Causa : Ahogamiento-Origen : Guatemala,1,0
Año : 2016-Mes : Octubre-Causa : Accidente de tránsito / transporte peligroso-Origen : Honduras,1,0
Año : 2019-Mes : Marzo-Causa : Accidente de tránsito / transporte peligroso-Origen : Guatemala,1,346
Año : 2016-Mes : Octubre-Causa : Ahogamiento-Origen : Honduras,1,0
Año : 2016-Mes : Octubre-Causa : Mixta o desconocida-Origen : Honduras,1,0
Año : 2016-Mes : Octubre-Causa : Ahogamiento-Origen : Nicaragua,1,0
"Año : 2016-Mes : Octubre-Causa : Ahogamiento-Origen : Desconocido,Venezuela ",1,0
"Año : 2023-Mes : Febrero-Causa : Accidente de tránsito / transporte peligroso-Origen : Colombia,Desconocido",1,0
Año : 2016-Mes : Noviembre-Causa : Enfermedad / falta de acceso a una atención médica-Origen : Guatemala,1,0
Año : 2016-Mes : Noviembre-Causa : Ahogamiento-Origen : Honduras,1,0
Año : 2016-Mes : Noviembre-Causa : Accidente de tránsito / transporte peligroso-Origen : Honduras,1,106
Año : 2016-Mes : Noviembre-Causa : Violencia-Origen : Brasil,1,100
Año : 2016-Mes : Noviembre-Causa : Accidente de tránsito / transporte peligroso-Origen : Honduras,1,0
Año : 2016-Mes : Noviembre-Causa : Enfermedad / falta de acceso a una atención médica-Origen : Honduras,1,0
Año : 2016-Mes : Diciembre-Causa : Accidente de tránsito / transporte peligroso-Origen : Honduras,1,0
"Año : 2016-Mes : Agosto-Causa : Accidente de tránsito / transporte peligroso-Origen : El Salvador,Guatemala,Honduras",1,0
Año : 2018-Mes : Febrero-Causa : Violencia-Origen : Guatemala,1,0
Año : 2016-Mes : Diciembre-Causa : Mixta o desconocida-Origen : Honduras,1,0
Año : 2017-Mes : Noviembre-Causa : Violencia-Origen : Honduras,1,0
Año : 2022-Mes : Diciembre-Causa : Accidente de tránsito / transporte peligroso-Origen : Cuba,1,0
Año : 2017-Mes : Enero-Causa : Ahogamiento-Origen : El Salvador,1,0
Año : 2017-Mes : Enero-Causa : Ahogamiento-Origen : Guatemala,1,0
Año : 2017-Mes : Enero-Causa : Violencia-Origen : Honduras,1,0
Año : 2017-Mes : Enero-Causa : Ahogamiento-Origen : El Salvador,1,0
Año : 2017-Mes : Enero-Causa : Ahogamiento-Origen : El Salvador,1,0
Año : 2017-Mes : Enero-Causa : Mixta o desconocida-Origen : Nicaragua,1,0
Año : 2017-Mes : Enero-Causa : Ahogamiento-Origen : Honduras,1,0
Año : 2017-Mes : Enero-Causa : Ahogamiento-Origen : Honduras,1,0
Año : 2017-Mes : Enero-Causa : Ahogamiento-Origen : El Salvador,1,0
Año : 2017-Mes : Febrero-Causa : Ahogamiento-Origen : Honduras,1,0
Año : 2017-Mes : Febrero-Causa : Ahogamiento-Origen : Honduras,1,0
Año : 2017-Mes : Febrero-Causa : Accidente de tránsito / transporte peligroso-Origen : Guatemala,1,0
Año : 2017-Mes : Febrero-Causa : Ahogamiento-Origen : Honduras,1,0
Año : 2017-Mes : Febrero-Causa : Ahogamiento-Origen : Honduras,1,0
Año : 2017-Mes : Febrero-Causa : Ahogamiento-Origen : Brasil,1,0
Año : 2017-Mes : Marzo-Causa : Ahogamiento-Origen : Peru,1,0
Año : 2017-Mes : Marzo-Causa : Accidente de tránsito / transporte peligroso-Origen : Honduras,1,0
Año : 2017-Mes : Marzo-Causa : Accidente de tránsito / transporte peligroso-Origen : Honduras,1,100
Año : 2022-Mes : Agosto-Causa : Accidente de tránsito / transporte peligroso-Origen : Guatemala,1,0
Año : 2017-Mes : Marzo-Causa : Violencia-Origen : Honduras,1,0
Año : 2017-Mes : Marzo-Causa : Violencia-Origen : Honduras,1,0
Año : 2019-Mes : Abril-Causa : Accidente de tránsito / transporte peligroso-Origen : Guatemala,1,0
Año : 2017-Mes : Abril-Causa : Accidente de tránsito / transporte peligroso-Origen : Honduras,1,0
Año : 2017-Mes : Abril-Causa : Ahogamiento-Origen : Honduras,1,0
Año : 2022-Mes : Abril-Causa : Accidente de tránsito / transporte peligroso-Origen : Nicaragua,1,0
Año : 2017-Mes : Mayo-Causa : Ahogamiento-Origen : Brasil,1,0
Año : 2017-Mes : Mayo-Causa : Accidente de tránsito / transporte peligroso-Origen : Honduras,1,0
Año : 2017-Mes : Mayo-Causa : Accidente de tránsito / transporte peligroso-Origen : Guatemala,1,0
Año : 2017-Mes : Junio-Causa : Accidente de tránsito / transporte peligroso-Origen : Honduras,1,0
Año : 2021-Mes : Octubre-Causa : Violencia-Origen : Cuba,1,0
Año : 2017-Mes : Julio-Causa : Accidente de tránsito / transporte peligroso-Origen : Honduras,1,0
Año : 2017-Mes : Julio-Causa : Violencia-Origen : El Salvador,1,0
"Año : 2017-Mes : Julio-Causa : Ahogamiento-Origen : Guatemala,Desconocido",1,0
Año : 2017-Mes : Julio-Causa : Ahogamiento-Origen : Honduras,1,0
Año : 2017-Mes : Julio-Causa : Accidente de tránsito / transporte peligroso-Origen : Guatemala,1,0
Año : 2017-Mes : Agosto-Causa : Accidente de tránsito / transporte peligroso-Origen : El Salvador,1,0
Año : 2022-Mes : Junio-Causa : Accidente de tránsito / transporte peligroso-Origen : El Salvador,1,0
Año : 2017-Mes : Agosto-Causa : Ahogamiento-Origen : Ecuador,1,0
Año : 2017-Mes : Septiembre-Causa : Accidente de tránsito / transporte peligroso-Origen : Honduras,1,0
Año : 2017-Mes : Octubre-Causa : Accidente de tránsito / transporte peligroso-Origen : Honduras,1,0
Año : 2017-Mes : Octubre-Causa : Accidente de tránsito / transporte peligroso-Origen : Honduras,1,0
Año : 2017-Mes : Noviembre-Causa : Violencia-Origen : Honduras,1,0
Año : 2017-Mes : Noviembre-Causa : Accidente de tránsito / transporte peligroso-Origen : El Salvador,1,0
Año : 2022-Mes : Octubre-Causa : Accidente de tránsito / transporte peligroso-Origen : Nicaragua,1,0
Año : 2016-Mes : Mayo-Causa : Accidente de tránsito / transporte peligroso-Origen : El Salvador,1,0
Año : 2017-Mes : Diciembre-Causa : Violencia-Origen : El Salvador,1,42
"Año : 2018-Mes : Enero-Causa : Condiciones ambientales / falta de vivienda, alimentos, agua adecuados-Origen : Honduras",1,0
Año : 2018-Mes : Enero-Causa : Ahogamiento-Origen : Guatemala,1,0
Año : 2018-Mes : Enero-Causa : Violencia-Origen : Honduras,1,0
Año : 2018-Mes : Febrero-Causa : Ahogamiento-Origen : El Salvador,1,0
"Año : 2022-Mes : Agosto-Causa : Accidente de tránsito / transporte peligroso-Origen : Cuba,Ecuador,Mixto,Venezuela ",1,0
Año : 2015-Mes : Enero-Causa : Accidente de tránsito / transporte peligroso-Origen : El Salvador,1,0
Año : 2018-Mes : Marzo-Causa : Mixta o desconocida-Origen : Honduras,1,0
Año : 2018-Mes : Marzo-Causa : Accidente de tránsito / transporte peligroso-Origen : Honduras,1,0
Año : 2018-Mes : Marzo-Causa : Mixta o desconocida-Origen : Honduras,1,0
Año : 2018-Mes : Marzo-Causa : Mixta o desconocida-Origen : El Salvador,1,0
Año : 2018-Mes : Marzo-Causa : Accidente de tránsito / transporte peligroso-Origen : Honduras,1,0
Año : 2018-Mes : Marzo-Causa : Ahogamiento-Origen : Honduras,1,25
Año : 2018-Mes : Abril-Causa : Accidente de tránsito / transporte peligroso-Origen : Honduras,1,0
Año : 2018-Mes : Abril-Causa : Accidente de tránsito / transporte peligroso-Origen : Honduras,1,0
Año : 2018-Mes : Mayo-Causa : Violencia-Origen : El Salvador,1,0
"Año : 2015-Mes : Julio-Causa : Accidente de tránsito / transporte peligroso-Origen : Guatemala,Honduras",1,0
Año : 2018-Mes : Mayo-Causa : Ahogamiento-Origen : Guatemala,1,0
Año : 2018-Mes : Mayo-Causa : Accidente de tránsito / transporte peligroso-Origen : Honduras,1,0
Año : 2018-Mes : Junio-Causa : Accidente de tránsito / transporte peligroso-Origen : Honduras,1,0
Año : 2018-Mes : Junio-Causa : Muerte accidental -Origen : Guatemala,1,0
Año : 2018-Mes : Julio-Causa : Ahogamiento-Origen : Honduras,1,0
Año : 2018-Mes : Julio-Causa : Accidente de tránsito / transporte peligroso-Origen : El Salvador,1,0
Año : 2018-Mes : Julio-Causa : Ahogamiento-Origen : Guatemala,1,0
Año : 2018-Mes : Agosto-Causa : Accidente de tránsito / transporte peligroso-Origen : Honduras,1,0
Año : 2018-Mes : Agosto-Causa : Accidente de tránsito / transporte peligroso-Origen : Honduras,1,0
Año : 2018-Mes : Agosto-Causa : Accidente de tránsito / transporte peligroso-Origen : Honduras,1,0
Año : 2018-Mes : Agosto-Causa : Ahogamiento-Origen : Honduras,1,0
Año : 2019-Mes : Julio-Causa : Accidente de tránsito / transporte peligroso-Origen : Honduras,1,0
Año : 2018-Mes : Agosto-Causa : Accidente de tránsito / transporte peligroso-Origen : Honduras,1,0
Año : 2018-Mes : Septiembre-Causa : Violencia-Origen : El Salvador,1,0
Año : 2018-Mes : Septiembre-Causa : Accidente de tránsito / transporte peligroso-Origen : Guatemala,1,20
Año : 2018-Mes : Septiembre-Causa : Accidente de tránsito / transporte peligroso-Origen : El Salvador,1,0
Año : 2018-Mes : Octubre-Causa : Ahogamiento-Origen : Republica Dominicana,1,15
Año : 2018-Mes : Octubre-Causa : Ahogamiento-Origen : Republica Dominicana,1,0
Año : 2018-Mes : Octubre-Causa : Accidente de tránsito / transporte peligroso-Origen : Honduras,1,0
Año : 2018-Mes : Octubre-Causa : Accidente de tránsito / transporte peligroso-Origen : Guatemala,1,0
Año : 2018-Mes : Octubre-Causa : Accidente de tránsito / transporte peligroso-Origen : Honduras,1,0
Año : 2018-Mes : Octubre-Causa : Violencia-Origen : Honduras,1,0
Año : 2018-Mes : Octubre-Causa : Accidente de tránsito / transporte peligroso-Origen : El Salvador,1,0
Año : 2018-Mes : Noviembre-Causa : Accidente de tránsito / transporte peligroso-Origen : Honduras,1,12
Año : 2018-Mes : Noviembre-Causa : Enfermedad / falta de acceso a una atención médica-Origen : Honduras,1,0
Año : 2018-Mes : Noviembre-Causa : Accidente de tránsito / transporte peligroso-Origen : Honduras,1,0
Año : 2018-Mes : Noviembre-Causa : Enfermedad / falta de acceso a una atención médica-Origen : Honduras,1,0
Año : 2018-Mes : Noviembre-Causa : Enfermedad / falta de acceso a una atención médica-Origen : Guatemala,1,0
Año : 2018-Mes : Noviembre-Causa : Accidente de tránsito / transporte peligroso-Origen : El Salvador,1,0
Año : 2019-Mes : Julio-Causa : Violencia-Origen : Honduras,1,0
Año : 2018-Mes : Diciembre-Causa : Violencia-Origen : Honduras,1,0
Año : 2019-Mes : Enero-Causa : Accidente de tránsito / transporte peligroso-Origen : Honduras,1,0
Año : 2016-Mes : Diciembre-Causa : Accidente de tránsito / transporte peligroso-Origen : Honduras,1,0
Año : 2019-Mes : Enero-Causa : Violencia-Origen : Honduras,1,10
Año : 2019-Mes : Enero-Causa : Violencia-Origen : Honduras,1,0
Año : 2019-Mes : Enero-Causa : Accidente de tránsito / transporte peligroso-Origen : El Salvador,1,0
Año : 2019-Mes : Enero-Causa : Accidente de tránsito / transporte peligroso-Origen : Guatemala,1,0
Año : 2019-Mes : Enero-Causa : Accidente de tránsito / transporte peligroso-Origen : Honduras,1,0
Año : 2019-Mes : Enero-Causa : Accidente de tránsito / transporte peligroso-Origen : Honduras,1,0
Año : 2019-Mes : Febrero-Causa : Ahogamiento-Origen : El Salvador,1,9
Año : 2017-Mes : Marzo-Causa : Accidente de tránsito / transporte peligroso-Origen : El Salvador,1,0
Año : 2021-Mes : Septiembre-Causa : Accidente de tránsito / transporte peligroso-Origen : Cuba,1,0
Año : 2019-Mes : Febrero-Causa : Accidente de tránsito / transporte peligroso-Origen : Honduras,1,0
Año : 2022-Mes : Diciembre-Causa : Accidente de tránsito / transporte peligroso-Origen : Nicaragua,1,0
Año : 2017-Mes : Mayo-Causa : Accidente de tránsito / transporte peligroso-Origen : El Salvador,1,0
Año : 2017-Mes : Junio-Causa : Accidente de tránsito / transporte peligroso-Origen : El Salvador,1,0
Año : 2019-Mes : Marzo-Causa : Accidente de tránsito / transporte peligroso-Origen : El Salvador,1,0
Año : 2019-Mes : Marzo-Causa : Violencia-Origen : El Salvador,1,0
Año : 2019-Mes : Marzo-Causa : Accidente de tránsito / transporte peligroso-Origen : Honduras,1,0
Año : 2019-Mes : Abril-Causa : Accidente de tránsito / transporte peligroso-Origen : El Salvador,1,0
Año : 2019-Mes : Abril-Causa : Accidente de tránsito / transporte peligroso-Origen : Guatemala,1,0
Año : 2019-Mes : Marzo-Causa : Violencia-Origen : Guatemala,1,0
Año : 2019-Mes : Abril-Causa : Ahogamiento-Origen : Ecuador,1,0
Año : 2019-Mes : Abril-Causa : Ahogamiento-Origen : Honduras,1,0
Año : 2019-Mes : Abril-Causa : Violencia-Origen : Honduras,1,0
Año : 2019-Mes : Abril-Causa : Ahogamiento-Origen : Ecuador,1,0
Año : 2019-Mes : Abril-Causa : Violencia-Origen : Honduras,1,0
Año : 2019-Mes : Abril-Causa : Ahogamiento-Origen : Honduras,1,0
Año : 2021-Mes : Mayo-Causa : Accidente de tránsito / transporte peligroso-Origen : Guatemala,1,0
Año : 2019-Mes : Abril-Causa : Enfermedad / falta de acceso a una atención médica-Origen : El Salvador,1,0
Año : 2019-Mes : Mayo-Causa : Accidente de tránsito / transporte peligroso-Origen : Honduras,1,9
Año : 2022-Mes : Octubre-Causa : Accidente de tránsito / transporte peligroso-Origen : Guatemala,1,0
Año : 2019-Mes : Mayo-Causa : Ahogamiento-Origen : Ecuador,1,0
Año : 2019-Mes : Mayo-Causa : Violencia-Origen : Cuba,1,0
Año : 2019-Mes : Mayo-Causa : Violencia-Origen : Honduras,1,0
Año : 2019-Mes : Mayo-Causa : Ahogamiento-Origen : Guatemala,1,0
"Año : 2015-Mes : Junio-Causa : Accidente de tránsito / transporte peligroso-Origen : El Salvador,Guatemala",1,0
Año : 2019-Mes : Mayo-Causa : Enfermedad / falta de acceso a una atención médica-Origen : Honduras,1,0
Año : 2019-Mes : Mayo-Causa : Enfermedad / falta de acceso a una atención médica-Origen : Cuba,1,0
Año : 2019-Mes : Junio-Causa : Enfermedad / falta de acceso a una atención médica-Origen : Guatemala,1,0
Año : 2019-Mes : Abril-Causa : Ahogamiento-Origen : Ecuador,1,0
Año : 2019-Mes : Junio-Causa : Mixta o desconocida-Origen : Honduras,1,0
Año : 2019-Mes : Junio-Causa : Enfermedad / falta de acceso a una atención médica-Origen : Guatemala,1,0
Año : 2019-Mes : Junio-Causa : Enfermedad / falta de acceso a una atención médica-Origen : Honduras,1,0
Año : 2017-Mes : Enero-Causa : Accidente de tránsito / transporte peligroso-Origen : Honduras,1,0
Año : 2018-Mes : Agosto-Causa : Accidente de tránsito / transporte peligroso-Origen : Guatemala,1,0
Año : 2019-Mes : Junio-Causa : Accidente de tránsito / transporte peligroso-Origen : Honduras,1,9
Año : 2019-Mes : Junio-Causa : Ahogamiento-Origen : Honduras,1,0
"Año : 2019-Mes : Mayo-Causa : Accidente de tránsito / transporte peligroso-Origen : El Salvador,Guatemala",1,0
Año : 2019-Mes : Julio-Causa : Mixta o desconocida-Origen : Honduras,1,0
Año : 2022-Mes : Octubre-Causa : Accidente de tránsito / transporte peligroso-Origen : Venezuela ,1,0
Año : 2022-Mes : Octubre-Causa : Accidente de tránsito / transporte peligroso-Origen : Venezuela ,1,0
Año : 2019-Mes : Julio-Causa : Accidente de tránsito / transporte peligroso-Origen : Honduras,1,0
Año : 2019-Mes : Julio-Causa : Ahogamiento-Origen : Cuba,1,0
Año : 2019-Mes : Julio-Causa : Violencia-Origen : Guatemala,1,8
Año : 2019-Mes : Julio-Causa : Violencia-Origen : Cuba,1,0
Año : 2019-Mes : Julio-Causa : Enfermedad / falta de acceso a una atención médica-Origen : Honduras,1,7
Año : 2019-Mes : Febrero-Causa : Violencia-Origen : Guatemala,1,0
Año : 2019-Mes : Julio-Causa : Violencia-Origen : Guatemala,1,0
Año : 2019-Mes : Agosto-Causa : Enfermedad / falta de acceso a una atención médica-Origen : Cuba,1,0
Año : 2019-Mes : Agosto-Causa : Ahogamiento-Origen : Ecuador,1,0
Año : 2019-Mes : Agosto-Causa : Accidente de tránsito / transporte peligroso-Origen : Honduras,1,0
Año : 2019-Mes : Agosto-Causa : Ahogamiento-Origen : Honduras,1,0
Año : 2019-Mes : Agosto-Causa : Ahogamiento-Origen : Republica Dominicana,1,0
Año : 2019-Mes : Agosto-Causa : Ahogamiento-Origen : Honduras,1,0
Año : 2019-Mes : Agosto-Causa : Mixta o desconocida-Origen : Honduras,1,0
Año : 2019-Mes : Agosto-Causa : Ahogamiento-Origen : Honduras,1,0
Año : 2019-Mes : Septiembre-Causa : Enfermedad / falta de acceso a una atención médica-Origen : El Salvador,1,0
Año : 2019-Mes : Octubre-Causa : Accidente de tránsito / transporte peligroso-Origen : Honduras,1,0
Año : 2019-Mes : Octubre-Causa : Ahogamiento-Origen : Belize,1,0
"Año : 2021-Mes : Marzo-Causa : Violencia-Origen : Honduras,Desconocido",1,0
Año : 2019-Mes : Noviembre-Causa : Violencia-Origen : Cuba,1,0
Año : 2019-Mes : Noviembre-Causa : Accidente de tránsito / transporte peligroso-Origen : Venezuela ,1,0
Año : 2019-Mes : Noviembre-Causa : Violencia-Origen : Honduras,1,0
Año : 2019-Mes : Diciembre-Causa : Violencia-Origen : Guatemala,1,0
Año : 2020-Mes : Enero-Causa : Enfermedad / falta de acceso a una atención médica-Origen : Cuba,1,0
Año : 2020-Mes : Enero-Causa : Enfermedad / falta de acceso a una atención médica-Origen : Haiti,1,0
Año : 2020-Mes : Enero-Causa : Violencia-Origen : Haiti,1,0
Año : 2020-Mes : Enero-Causa : Violencia-Origen : El Salvador,1,5
Año : 2020-Mes : Enero-Causa : Enfermedad / falta de acceso a una atención médica-Origen : Honduras,1,0
Año : 2020-Mes : Enero-Causa : Accidente de tránsito / transporte peligroso-Origen : Honduras,1,0
Año : 2021-Mes : Agosto-Causa : Ahogamiento-Origen : Cuba,1,0
Año : 2020-Mes : Enero-Causa : Ahogamiento-Origen : Guatemala,1,0
Año : 2020-Mes : Enero-Causa : Accidente de tránsito / transporte peligroso-Origen : Honduras,1,0
Año : 2020-Mes : Febrero-Causa : Ahogamiento-Origen : Ecuador,1,0
Año : 2020-Mes : Marzo-Causa : Accidente de tránsito / transporte peligroso-Origen : Cuba,1,0
Año : 2020-Mes : Marzo-Causa : Ahogamiento-Origen : Ecuador,1,0
Año : 2020-Mes : Marzo-Causa : Ahogamiento-Origen : Guatemala,1,4
Año : 2020-Mes : Abril-Causa : Accidente de tránsito / transporte peligroso-Origen : Honduras,1,4
Año : 2020-Mes : Abril-Causa : Ahogamiento-Origen : Honduras,1,0
Año : 2020-Mes : Abril-Causa : Enfermedad / falta de acceso a una atención médica-Origen : El Salvador,1,0
Año : 2020-Mes : Abril-Causa : Muerte accidental -Origen : Cuba,1,0
Año : 2020-Mes : Mayo-Causa : Ahogamiento-Origen : Honduras,1,0
Año : 2020-Mes : Mayo-Causa : Ahogamiento-Origen : Guatemala,1,0
Año : 2020-Mes : Junio-Causa : Ahogamiento-Origen : Honduras,1,0
Año : 2020-Mes : Junio-Causa : Ahogamiento-Origen : Honduras,1,0
Año : 2020-Mes : Junio-Causa : Muerte accidental -Origen : Nicaragua,1,0
Año : 2020-Mes : Junio-Causa : Ahogamiento-Origen : Cuba,1,0
Año : 2022-Mes : Septiembre-Causa : Muerte accidental -Origen : El Salvador,1,0
Año : 2020-Mes : Julio-Causa : Ahogamiento-Origen : Honduras,1,0
Año : 2020-Mes : Agosto-Causa : Ahogamiento-Origen : Guatemala,1,0
Año : 2022-Mes : Noviembre-Causa : Accidente de tránsito / transporte peligroso-Origen : Ecuador,1,0
Año : 2016-Mes : Diciembre-Causa : Muerte accidental -Origen : Guatemala,1,0
Año : 2020-Mes : Septiembre-Causa : Enfermedad / falta de acceso a una atención médica-Origen : El Salvador,1,0
"Año : 2020-Mes : Octubre-Causa : Condiciones ambientales / falta de vivienda, alimentos, agua adecuados-Origen : Honduras",1,0
Año : 2020-Mes : Octubre-Causa : Violencia-Origen : Honduras,1,0
Año : 2020-Mes : Octubre-Causa : Accidente de tránsito / transporte peligroso-Origen : Honduras,1,0
Año : 2020-Mes : Noviembre-Causa : Violencia-Origen : El Salvador,1,0
Año : 2020-Mes : Noviembre-Causa : Ahogamiento-Origen : Honduras,1,4
Año : 2020-Mes : Noviembre-Causa : Ahogamiento-Origen : Cuba,1,0
Año : 2020-Mes : Diciembre-Causa : Violencia-Origen : El Salvador,1,0
Año : 2020-Mes : Enero-Causa : Mixta o desconocida-Origen : El Salvador,1,0
Año : 2020-Mes : Enero-Causa : Mixta o desconocida-Origen : Honduras,1,0
Año : 2020-Mes : Febrero-Causa : Mixta o desconocida-Origen : Honduras,1,0
Año : 2020-Mes : Abril-Causa : Mixta o desconocida-Origen : Honduras,1,0
Año : 2020-Mes : Mayo-Causa : Mixta o desconocida-Origen : Guatemala,1,0
Año : 2020-Mes : Agosto-Causa : Mixta o desconocida-Origen : El Salvador,1,0
Año : 2020-Mes : Agosto-Causa : Mixta o desconocida-Origen : El Salvador,1,0
Año : 2020-Mes : Septiembre-Causa : Mixta o desconocida-Origen : Haiti,1,0
Año : 2020-Mes : Septiembre-Causa : Mixta o desconocida-Origen : Haiti,1,0
Año : 2021-Mes : Enero-Causa : Ahogamiento-Origen : Haiti,1,0
Año : 2021-Mes : Enero-Causa : Mixta o desconocida-Origen : El Salvador,1,0
Año : 2017-Mes : Agosto-Causa : Accidente de tránsito / transporte peligroso-Origen : Guatemala,1,0
Año : 2021-Mes : Febrero-Causa : Ahogamiento-Origen : Venezuela ,1,0
Año : 2021-Mes : Febrero-Causa : Violencia-Origen : Honduras,1,4
Año : 2018-Mes : Febrero-Causa : Violencia-Origen : Honduras,1,0
Año : 2021-Mes : Marzo-Causa : Ahogamiento-Origen : Honduras,1,0
Año : 2021-Mes : Marzo-Causa : Accidente de tránsito / transporte peligroso-Origen : Honduras,1,3
Año : 2021-Mes : Marzo-Causa : Violencia-Origen : El Salvador,1,0
Año : 2018-Mes : Diciembre-Causa : Violencia-Origen : Guatemala,1,0
Año : 2020-Mes : Junio-Causa : Accidente de tránsito / transporte peligroso-Origen : Guatemala,1,0
Año : 2021-Mes : Abril-Causa : Accidente de tránsito / transporte peligroso-Origen : El Salvador,1,0
Año : 2021-Mes : Abril-Causa : Ahogamiento-Origen : Guatemala,1,0
Año : 2021-Mes : Abril-Causa : Violencia-Origen : El Salvador,1,0
Año : 2021-Mes : Abril-Causa : Muerte accidental -Origen : Guatemala,1,0
Año : 2021-Mes : Febrero-Causa : Ahogamiento-Origen : Honduras,1,0
Año : 2021-Mes : Abril-Causa : Enfermedad / falta de acceso a una atención médica-Origen : Cuba,1,0
Año : 2021-Mes : Abril-Causa : Ahogamiento-Origen : Honduras,1,0
Año : 2021-Mes : Mayo-Causa : Enfermedad / falta de acceso a una atención médica-Origen : Guatemala,1,0
Año : 2021-Mes : Mayo-Causa : Accidente de tránsito / transporte peligroso-Origen : Nicaragua,1,0
Año : 2021-Mes : Abril-Causa : Violencia-Origen : Honduras,1,0
Año : 2019-Mes : Febrero-Causa : Accidente de tránsito / transporte peligroso-Origen : Guatemala,1,0
Año : 2021-Mes : Junio-Causa : Ahogamiento-Origen : Nicaragua,1,0
Año : 2021-Mes : Junio-Causa : Ahogamiento-Origen : Honduras,1,0
Año : 2021-Mes : Junio-Causa : Violencia-Origen : Honduras,1,0
Año : 2019-Mes : Mayo-Causa : Accidente de tránsito / transporte peligroso-Origen : Guatemala,1,0
Año : 2021-Mes : Junio-Causa : Enfermedad / falta de acceso a una atención médica-Origen : Honduras,1,0
Año : 2021-Mes : Junio-Causa : Violencia-Origen : Honduras,1,3
Año : 2021-Mes : Julio-Causa : Accidente de tránsito / transporte peligroso-Origen : El Salvador,1,0
Año : 2021-Mes : Julio-Causa : Ahogamiento-Origen : Guatemala,1,0
"Año : 2021-Mes : Julio-Causa : Condiciones ambientales / falta de vivienda, alimentos, agua adecuados-Origen : Honduras",1,3
Año : 2021-Mes : Julio-Causa : Accidente de tránsito / transporte peligroso-Origen : Honduras,1,0
Año : 2021-Mes : Junio-Causa : Accidente de tránsito / transporte peligroso-Origen : Honduras,1,0
Año : 2019-Mes : Junio-Causa : Violencia-Origen : El Salvador,1,0
"Año : 2021-Mes : Junio-Causa : Condiciones ambientales / falta de vivienda, alimentos, agua adecuados-Origen : Ecuador",1,3
Año : 2021-Mes : Marzo-Causa : Mixta o desconocida-Origen : Guatemala,1,0
Año : 2019-Mes : Julio-Causa : Enfermedad / falta de acceso a una atención médica-Origen : Honduras,1,0
"Año : 2021-Mes : Julio-Causa : Condiciones ambientales / falta de vivienda, alimentos, agua adecuados-Origen : Ecuador",1,0
Año : 2021-Mes : Julio-Causa : Accidente de tránsito / transporte peligroso-Origen : Nicaragua,1,0
Año : 2021-Mes : Agosto-Causa : Violencia-Origen : Nicaragua,1,3
Año : 2021-Mes : Agosto-Causa : Violencia-Origen : Honduras,1,0
Año : 2019-Mes : Octubre-Causa : Accidente de tránsito / transporte peligroso-Origen : Cameroon,1,0
"Año : 2020-Mes : Septiembre-Causa : Condiciones ambientales / falta de vivienda, alimentos, agua adecuados-Origen : Guatemala",1,0
Año : 2021-Mes : Junio-Causa : Violencia-Origen : Honduras,1,0
Año : 2021-Mes : Septiembre-Causa : Accidente de tránsito / transporte peligroso-Origen : Haiti,1,2
Año : 2021-Mes : Septiembre-Causa : Ahogamiento-Origen : Haiti,1,0
Año : 2021-Mes : Septiembre-Causa : Ahogamiento-Origen : Cuba,1,0
Año : 2021-Mes : Mayo-Causa : Accidente de tránsito / transporte peligroso-Origen : Guatemala,1,0
Año : 2021-Mes : Septiembre-Causa : Mixta o desconocida-Origen : Guatemala,1,2
Año : 2021-Mes : Septiembre-Causa : Enfermedad / falta de acceso a una atención médica-Origen : Haiti,1,0
Año : 2021-Mes : Octubre-Causa : Enfermedad / falta de acceso a una atención médica-Origen : Haiti,1,0
Año : 2021-Mes : Agosto-Causa : Enfermedad / falta de acceso a una atención médica-Origen : Haiti,1,0
Año : 2021-Mes : Agosto-Causa : Enfermedad / falta de acceso a una atención médica-Origen : Haiti,1,0
Año : 2021-Mes : Septiembre-Causa : Enfermedad / falta de acceso a una atención médica-Origen : Haiti,1,0
Año : 2021-Mes : Septiembre-Causa : Accidente de tránsito / transporte peligroso-Origen : Haiti,1,0
Año : 2021-Mes : Septiembre-Causa : Violencia-Origen : Honduras,1,0
Año : 2021-Mes : Agosto-Causa : Violencia-Origen : Nicaragua,1,2
Año : 2021-Mes : Octubre-Causa : Violencia-Origen : Honduras,1,0
Año : 2021-Mes : Octubre-Causa : Ahogamiento-Origen : Nicaragua,1,0
Año : 2021-Mes : Octubre-Causa : Muerte accidental -Origen : Nicaragua,1,2
Año : 2021-Mes : Octubre-Causa : Accidente de tránsito / transporte peligroso-Origen : Nicaragua,1,0
Año : 2021-Mes : Octubre-Causa : Enfermedad / falta de acceso a una atención médica-Origen : Guatemala,1,0
"Año : 2021-Mes : Agosto-Causa : Condiciones ambientales / falta de vivienda, alimentos, agua adecuados-Origen : Ecuador",1,0
Año : 2021-Mes : Octubre-Causa : Violencia-Origen : Haiti,1,2
Año : 2021-Mes : Octubre-Causa : Enfermedad / falta de acceso a una atención médica-Origen : Haiti,1,2
Año : 2021-Mes : Octubre-Causa : Ahogamiento-Origen : Honduras,1,0
Año : 2021-Mes : Noviembre-Causa : Ahogamiento-Origen : Haiti,1,0
Año : 2021-Mes : Noviembre-Causa : Violencia-Origen : Haiti,1,0
Año : 2021-Mes : Noviembre-Causa : Ahogamiento-Origen : Cuba,1,0
Año : 2022-Mes : Agosto-Causa : Ahogamiento-Origen : Venezuela ,1,2
Año : 2021-Mes : Enero-Causa : Violencia-Origen : Guatemala,1,0
Año : 2021-Mes : Enero-Causa : Accidente de tránsito / transporte peligroso-Origen : Honduras,1,0
Año : 2021-Mes : Febrero-Causa : Mixta o desconocida-Origen : Honduras,1,0
Año : 2021-Mes : Febrero-Causa : Muerte accidental -Origen : Guatemala,1,0
Año : 2021-Mes : Febrero-Causa : Muerte accidental -Origen : Honduras,1,0
Año : 2021-Mes : Abril-Causa : Enfermedad / falta de acceso a una atención médica-Origen : Honduras,1,0
Año : 2021-Mes : Mayo-Causa : Violencia-Origen : Guatemala,1,0
Año : 2021-Mes : Mayo-Causa : Enfermedad / falta de acceso a una atención médica-Origen : Haiti,1,0
Año : 2021-Mes : Junio-Causa : Violencia-Origen : El Salvador,1,2
Año : 2021-Mes : Julio-Causa : Mixta o desconocida-Origen : Nicaragua,1,0
Año : 2021-Mes : Agosto-Causa : Enfermedad / falta de acceso a una atención médica-Origen : Haiti,1,0
Año : 2021-Mes : Agosto-Causa : Mixta o desconocida-Origen : Haiti,1,0
Año : 2021-Mes : Octubre-Causa : Accidente de tránsito / transporte peligroso-Origen : Honduras,1,0
Año : 2021-Mes : Octubre-Causa : Enfermedad / falta de acceso a una atención médica-Origen : Honduras,1,0
Año : 2022-Mes : Enero-Causa : Violencia-Origen : Haiti,1,2
Año : 2022-Mes : Enero-Causa : Enfermedad / falta de acceso a una atención médica-Origen : Haiti,1,0
Año : 2022-Mes : Enero-Causa : Ahogamiento-Origen : Venezuela ,1,0
Año : 2022-Mes : Enero-Causa : Ahogamiento-Origen : Venezuela ,1,2
Año : 2022-Mes : Febrero-Causa : Ahogamiento-Origen : Honduras,1,0
Año : 2022-Mes : Febrero-Causa : Accidente de tránsito / transporte peligroso-Origen : Honduras,1,0
Año : 2023-Mes : Marzo-Causa : Muerte accidental -Origen : Paraguay,1,0
Año : 2016-Mes : Marzo-Causa : Violencia-Origen : Honduras,1,2
Año : 2022-Mes : Marzo-Causa : Accidente de tránsito / transporte peligroso-Origen : Cuba,1,0
Año : 2022-Mes : Marzo-Causa : Ahogamiento-Origen : Nicaragua,1,0
Año : 2022-Mes : Marzo-Causa : Ahogamiento-Origen : Honduras,1,0
Año : 2022-Mes : Marzo-Causa : Ahogamiento-Origen : Nicaragua,1,0
Año : 2022-Mes : Marzo-Causa : Ahogamiento-Origen : Nicaragua,1,0
Año : 2022-Mes : Marzo-Causa : Ahogamiento-Origen : Cuba,1,0
Año : 2022-Mes : Abril-Causa : Mixta o desconocida-Origen : Nicaragua,1,0
Año : 2022-Mes : Abril-Causa : Ahogamiento-Origen : Nicaragua,1,0
Año : 2022-Mes : Abril-Causa : Ahogamiento-Origen : Cuba,1,0
Año : 2022-Mes : Abril-Causa : Ahogamiento-Origen : Cuba,1,0
Año : 2022-Mes : Abril-Causa : Accidente de tránsito / transporte peligroso-Origen : Guatemala,1,0
Año : 2016-Mes : Mayo-Causa : Violencia-Origen : Guatemala,1,0
Año : 2022-Mes : Abril-Causa : Ahogamiento-Origen : Colombia,1,0
Año : 2022-Mes : Abril-Causa : Violencia-Origen : Guatemala,1,0
Año : 2022-Mes : Abril-Causa : Accidente de tránsito / transporte peligroso-Origen : Nicaragua,1,0
Año : 2022-Mes : Mayo-Causa : Ahogamiento-Origen : Nicaragua,1,0
Año : 2022-Mes : Mayo-Causa : Ahogamiento-Origen : Cuba,1,0
Año : 2022-Mes : Mayo-Causa : Ahogamiento-Origen : Peru,1,2
Año : 2022-Mes : Mayo-Causa : Accidente de tránsito / transporte peligroso-Origen : Honduras,1,1
Año : 2022-Mes : Mayo-Causa : Ahogamiento-Origen : Honduras,1,0
Año : 2022-Mes : Mayo-Causa : Ahogamiento-Origen : Nicaragua,1,0
Año : 2016-Mes : Octubre-Causa : Accidente de tránsito / transporte peligroso-Origen : Honduras,1,0
"Año : 2022-Mes : Mayo-Causa : Ahogamiento-Origen : Nicaragua,Desconocido",1,0
Año : 2022-Mes : Mayo-Causa : Ahogamiento-Origen : Nicaragua,1,0
Año : 2022-Mes : Mayo-Causa : Ahogamiento-Origen : Nicaragua,1,0
Año : 2022-Mes : Junio-Causa : Violencia-Origen : Cuba,1,0
Año : 2022-Mes : Junio-Causa : Ahogamiento-Origen : Guatemala,1,1
Año : 2022-Mes : Junio-Causa : Enfermedad / falta de acceso a una atención médica-Origen : Venezuela ,1,0
Año : 2016-Mes : Octubre-Causa : Accidente de tránsito / transporte peligroso-Origen : Honduras,1,0
Año : 2022-Mes : Junio-Causa : Accidente de tránsito / transporte peligroso-Origen : Honduras,1,0
Año : 2022-Mes : Julio-Causa : Ahogamiento-Origen : Venezuela ,1,0
Año : 2022-Mes : Julio-Causa : Ahogamiento-Origen : Venezuela ,1,0
Año : 2022-Mes : Julio-Causa : Ahogamiento-Origen : Nicaragua,1,0
"Año : 2022-Mes : Julio-Causa : Condiciones ambientales / falta de vivienda, alimentos, agua adecuados-Origen : El Salvador",1,1
"Año : 2022-Mes : Junio-Causa : Condiciones ambientales / falta de vivienda, alimentos, agua adecuados-Origen : Honduras",1,0
Año : 2017-Mes : Marzo-Causa : Violencia-Origen : Honduras,1,0
Año : 2017-Mes : Noviembre-Causa : Accidente de tránsito / transporte peligroso-Origen : Honduras,1,0
Año : 2022-Mes : Agosto-Causa : Ahogamiento-Origen : Guatemala,1,0
Año : 2019-Mes : Junio-Causa : Ahogamiento-Origen : El Salvador,1,0
Año : 2022-Mes : Agosto-Causa : Muerte accidental -Origen : Venezuela ,1,1
Año : 2022-Mes : Agosto-Causa : Accidente de tránsito / transporte peligroso-Origen : Cuba,1,0
Año : 2022-Mes : Agosto-Causa : Ahogamiento-Origen : Nicaragua,1,0
Año : 2022-Mes : Agosto-Causa : Ahogamiento-Origen : Venezuela ,1,0
Año : 2022-Mes : Abril-Causa : Ahogamiento-Origen : Honduras,1,0
Año : 2022-Mes : Septiembre-Causa : Ahogamiento-Origen : Guatemala,1,0
Año : 2022-Mes : Agosto-Causa : Violencia-Origen : Colombia,1,0
Año : 2022-Mes : Agosto-Causa : Violencia-Origen : Nicaragua,1,1
Año : 2019-Mes : Junio-Causa : Accidente de tránsito / transporte peligroso-Origen : Honduras,1,1
"Año : 2022-Mes : Septiembre-Causa : Condiciones ambientales / falta de vivienda, alimentos, agua adecuados-Origen : Venezuela ",1,0
Año : 2022-Mes : Septiembre-Causa : Ahogamiento-Origen : Venezuela ,1,0
Año : 2022-Mes : Agosto-Causa : Mixta o desconocida-Origen : Nicaragua,1,0
Año : 2022-Mes : Octubre-Causa : Violencia-Origen : Cuba,1,0
Año : 2019-Mes : Julio-Causa : Mixta o desconocida-Origen : Honduras,1,0
Año : 2020-Mes : Enero-Causa : Ahogamiento-Origen : Honduras,1,0
"Año : 2020-Mes : Agosto-Causa : Condiciones ambientales / falta de vivienda, alimentos, agua adecuados-Origen : Guatemala",1,0
Año : 2021-Mes : Marzo-Causa : Ahogamiento-Origen : Honduras,1,0
Año : 2022-Mes : Octubre-Causa : Violencia-Origen : El Salvador,1,0
Año : 2022-Mes : Noviembre-Causa : Ahogamiento-Origen : Colombia,1,1
Año : 2022-Mes : Noviembre-Causa : Accidente de tránsito / transporte peligroso-Origen : Ecuador,1,0
Año : 2022-Mes : Noviembre-Causa : Violencia-Origen : Nicaragua,1,0
Año : 2021-Mes : Marzo-Causa : Ahogamiento-Origen : Cuba,1,0
Año : 2022-Mes : Noviembre-Causa : Accidente de tránsito / transporte peligroso-Origen : Cuba,1,0
Año : 2021-Mes : Junio-Causa : Violencia-Origen : Nicaragua,1,1
Año : 2022-Mes : Diciembre-Causa : Violencia-Origen : El Salvador,1,1
Año : 2022-Mes : Noviembre-Causa : Mixta o desconocida-Origen : Haiti,1,1
Año : 2022-Mes : Noviembre-Causa : Mixta o desconocida-Origen : Haiti,1,0
Año : 2022-Mes : Diciembre-Causa : Violencia-Origen : El Salvador,1,0
Año : 2021-Mes : Octubre-Causa : Ahogamiento-Origen : Haiti,1,0
Año : 2022-Mes : Diciembre-Causa : Enfermedad / falta de acceso a una atención médica-Origen : Guatemala,1,1
Año : 2022-Mes : Diciembre-Causa : Enfermedad / falta de acceso a una atención médica-Origen : Venezuela ,1,1
Año : 2022-Mes : Marzo-Causa : Ahogamiento-Origen : Uruguay,1,0
Año : 2022-Mes : Diciembre-Causa : Enfermedad / falta de acceso a una atención médica-Origen : Honduras,1,0
Año : 2022-Mes : Diciembre-Causa : Ahogamiento-Origen : Nicaragua,1,1
Año : 2022-Mes : Diciembre-Causa : Ahogamiento-Origen : Colombia,1,0
Año : 2022-Mes : Diciembre-Causa : Accidente de tránsito / transporte peligroso-Origen : Venezuela ,1,0
Año : 2022-Mes : Diciembre-Causa : Mixta o desconocida-Origen : Honduras,1,1
Año : 2022-Mes : Diciembre-Causa : Ahogamiento-Origen : Colombia,1,0
Año : 2023-Mes : Enero-Causa : Violencia-Origen : El Salvador,1,0
Año : 2023-Mes : Enero-Causa : Mixta o desconocida-Origen : Ecuador,1,0
Año : 2023-Mes : Enero-Causa : Violencia-Origen : Cuba,1,0
Año : 2023-Mes : Febrero-Causa : Ahogamiento-Origen : Ecuador,1,0
Año : 2023-Mes : Febrero-Causa : Violencia-Origen : Cuba,1,0
"Año : 2023-Mes : Febrero-Causa : Accidente de tránsito / transporte peligroso-Origen : Guatemala,Honduras,Desconocido",1,0
Año : 2022-Mes : Mayo-Causa : Ahogamiento-Origen : Honduras,1,0
Año : 2023-Mes : Febrero-Causa : Muerte accidental -Origen : Honduras,1,0
Año : 2023-Mes : Marzo-Causa : Ahogamiento-Origen : Honduras,1,0
Año : 2023-Mes : Marzo-Causa : Ahogamiento-Origen : El Salvador,1,1
Año : 2022-Mes : Noviembre-Causa : Accidente de tránsito / transporte peligroso-Origen : Guatemala,1,0
Año : 2023-Mes : Marzo-Causa : Accidente de tránsito / transporte peligroso-Origen : Venezuela ,1,0
Año : 2023-Mes : Abril-Causa : Ahogamiento-Origen : Honduras,1,0
Año : 2023-Mes : Abril-Causa : Muerte accidental -Origen : Guatemala,1,1
Año : 2023-Mes : Abril-Causa : Ahogamiento-Origen : Honduras,1,0
Año : 2023-Mes : Abril-Causa : Violencia-Origen : Haiti,1,0
Año : 2023-Mes : Abril-Causa : Ahogamiento-Origen : Ecuador,1,0
Año : 2023-Mes : Abril-Causa : Accidente de tránsito / transporte peligroso-Origen : Venezuela ,1,0
"Año : 2023-Mes : Abril-Causa : Condiciones ambientales / falta de vivienda, alimentos, agua adecuados-Origen : Honduras",1,0
